"","Corn","MiscCrop","OilCrop","OtherGrain","PalmFruit","Rice","Root_Tuber","SugarCrop","Wheat"
"bias",-8.32177390359864,-28.4056196118265,-14.9773764507381,24.3344508493265,-4.89813542165646,-0.0493160187721173,-3.70914165310544,0.568048584244899,1.74941547309183
"absbias",22.4209080818299,34.2804215986292,20.346416541466,30.8636378116394,5.07046837801021,7.10073753121429,6.86182643730272,3.37823749089116,24.7981582102551
