"","Corn","MiscCrop","OilCrop","OtherGrain","PalmFruit","Rice","Root_Tuber","SugarCrop","Wheat"
"bias",-13.1240918197517,-16.9708174444388,-9.06653612254081,10.5860104163469,-2.93327399262585,-4.85610230368368,-2.84936753876531,0.965024263493198,-8.22838176156802
"absbias",13.4988799971667,27.9237255182619,19.9657816552279,32.0018664169592,2.93327399262585,8.67299901711225,6.28064706290816,3.04407910457483,14.9673673264592
