"","Corn","MiscCrop","OilCrop","OtherGrain","PalmFruit","Rice","Root_Tuber","SugarCrop","Wheat"
"bias",-10.3658071812959,-16.9535139456531,-8.95457223145237,10.7294647725782,-2.93439182480612,-4.83818808468368,-2.83533195646599,0.965899581479594,-8.15666444259523
"absbias",11.3381445526633,27.9064672860272,19.9596480073843,32.0626288784966,2.93439182480612,8.6510347799966,6.27690544796258,3.04361461245238,14.8876924325884
