"","Corn","MiscCrop","OilCrop","OtherGrain","PalmFruit","Rice","Root_Tuber","SugarCrop","Wheat"
"bias",-11.0889877801292,-28.4038656638606,-15.0742235406429,24.2010102490238,-4.8976514112381,-0.0571898961496657,-3.71926256663946,0.565904557727894,1.69695767728911
"absbias",22.2522496087687,34.2794117116156,20.3559021818265,30.7922478599082,5.06933461709524,7.116881951483,6.86833444695918,3.37320918494558,24.7899403656837
